Track Name,Room Name,Session Name,Event Title,Event Authors,Event Abstract,Event Start Time,Event End Time
Research Papers,YT Room - NY 1,Demo Session - NY 1,A balanced proxy technology applied to a balanced secure algorithm,"Drucilla Euell, Sophie Tinker, Elfreda Mchargue","Lorem ipsum dolor sit amet, consectetur adipiscing elit. Mauris congue metus purus. Proin sit amet ligula efficitur, pharetra lectus sit amet, posuere dolor. Fusce congue, diam quis venenatis vehicula, enim velit aliquet felis, ut pharetra leo massa eu nisi. Suspendisse vel libero iaculis, pulvinar nibh ut, feugiat nisi. Sed id neque quis magna sagittis porttitor ac ac tortor. Curabitur sed quam nec enim malesuada vulputate non ornare metus. Nullam venenatis laoreet ipsum, quis euismod mauris sagittis quis. Pellentesque habitant morbi tristique senectus et netus et malesuada fames ac turpis egestas. Suspendisse cursus massa et hendrerit euismod.",2020/09/02 12:00,2020/09/02 12:15
Research Papers,YT Room - NY 1,Demo Session - NY 1,An interactive binary hypervisor applied to a conceptual big data system,"Letty Tuch, Antonette Bassham","Lorem ipsum dolor sit amet, consectetur adipiscing elit. Mauris congue metus purus. Proin sit amet ligula efficitur, pharetra lectus sit amet, posuere dolor. Fusce congue, diam quis venenatis vehicula, enim velit aliquet felis, ut pharetra leo massa eu nisi. Suspendisse vel libero iaculis, pulvinar nibh ut, feugiat nisi. Sed id neque quis magna sagittis porttitor ac ac tortor. Curabitur sed quam nec enim malesuada vulputate non ornare metus. Nullam venenatis laoreet ipsum, quis euismod mauris sagittis quis. Pellentesque habitant morbi tristique senectus et netus et malesuada fames ac turpis egestas. Suspendisse cursus massa et hendrerit euismod.",2020/09/02 12:15,2020/09/02 12:30
Research Papers,YT Room - NY 1,Demo Session - NY 1,A conceptual secure agent derived from an integrated high-speed solution,Katrice Russel,"Lorem ipsum dolor sit amet, consectetur adipiscing elit. Mauris congue metus purus. Proin sit amet ligula efficitur, pharetra lectus sit amet, posuere dolor. Fusce congue, diam quis venenatis vehicula, enim velit aliquet felis, ut pharetra leo massa eu nisi. Suspendisse vel libero iaculis, pulvinar nibh ut, feugiat nisi. Sed id neque quis magna sagittis porttitor ac ac tortor. Curabitur sed quam nec enim malesuada vulputate non ornare metus. Nullam venenatis laoreet ipsum, quis euismod mauris sagittis quis. Pellentesque habitant morbi tristique senectus et netus et malesuada fames ac turpis egestas. Suspendisse cursus massa et hendrerit euismod.",2020/09/02 12:30,2020/09/02 12:45
Q&A,Zoom - Q&A NY 1,Demo Q&A - NY1,A balanced proxy technology applied to a balanced secure algorithm,"Drucilla Euell, Sophie Tinker, Elfreda Mchargue","Lorem ipsum dolor sit amet, consectetur adipiscing elit. Mauris congue metus purus. Proin sit amet ligula efficitur, pharetra lectus sit amet, posuere dolor. Fusce congue, diam quis venenatis vehicula, enim velit aliquet felis, ut pharetra leo massa eu nisi. Suspendisse vel libero iaculis, pulvinar nibh ut, feugiat nisi. Sed id neque quis magna sagittis porttitor ac ac tortor. Curabitur sed quam nec enim malesuada vulputate non ornare metus. Nullam venenatis laoreet ipsum, quis euismod mauris sagittis quis. Pellentesque habitant morbi tristique senectus et netus et malesuada fames ac turpis egestas. Suspendisse cursus massa et hendrerit euismod.",2020/09/02 12:15,2020/09/02 12:30
Q&A,Zoom - Q&A NY 1,Demo Q&A - NY1,An interactive binary hypervisor applied to a conceptual big data system,"Letty Tuch, Antonette Bassham","Lorem ipsum dolor sit amet, consectetur adipiscing elit. Mauris congue metus purus. Proin sit amet ligula efficitur, pharetra lectus sit amet, posuere dolor. Fusce congue, diam quis venenatis vehicula, enim velit aliquet felis, ut pharetra leo massa eu nisi. Suspendisse vel libero iaculis, pulvinar nibh ut, feugiat nisi. Sed id neque quis magna sagittis porttitor ac ac tortor. Curabitur sed quam nec enim malesuada vulputate non ornare metus. Nullam venenatis laoreet ipsum, quis euismod mauris sagittis quis. Pellentesque habitant morbi tristique senectus et netus et malesuada fames ac turpis egestas. Suspendisse cursus massa et hendrerit euismod.",2020/09/02 12:30,2020/09/02 12:45
Q&A,Zoom - Q&A NY 1,Demo Q&A - NY1,A conceptual secure agent derived from an integrated high-speed solution,Katrice Russel,"Lorem ipsum dolor sit amet, consectetur adipiscing elit. Mauris congue metus purus. Proin sit amet ligula efficitur, pharetra lectus sit amet, posuere dolor. Fusce congue, diam quis venenatis vehicula, enim velit aliquet felis, ut pharetra leo massa eu nisi. Suspendisse vel libero iaculis, pulvinar nibh ut, feugiat nisi. Sed id neque quis magna sagittis porttitor ac ac tortor. Curabitur sed quam nec enim malesuada vulputate non ornare metus. Nullam venenatis laoreet ipsum, quis euismod mauris sagittis quis. Pellentesque habitant morbi tristique senectus et netus et malesuada fames ac turpis egestas. Suspendisse cursus massa et hendrerit euismod.",2020/09/02 12:45,2020/09/02 13:00
Research Papers,YT Room - NY 2,Demo Session - NY 2,An integrated functional technology applied to a responsive programmable architecture,"Max Colby, Shante Moeller, Jerry Eves, Adrianna Bolton, Augustus Colombo","Lorem ipsum dolor sit amet, consectetur adipiscing elit. Mauris congue metus purus. Proin sit amet ligula efficitur, pharetra lectus sit amet, posuere dolor. Fusce congue, diam quis venenatis vehicula, enim velit aliquet felis, ut pharetra leo massa eu nisi. Suspendisse vel libero iaculis, pulvinar nibh ut, feugiat nisi. Sed id neque quis magna sagittis porttitor ac ac tortor. Curabitur sed quam nec enim malesuada vulputate non ornare metus. Nullam venenatis laoreet ipsum, quis euismod mauris sagittis quis. Pellentesque habitant morbi tristique senectus et netus et malesuada fames ac turpis egestas. Suspendisse cursus massa et hendrerit euismod.",2020/09/02 13:30,2020/09/02 13:45
Research Papers,YT Room - NY 2,Demo Session - NY 2,A conceptual proxy cache for a scalable functional algorithm,"Rene Papageorge, Chia Lenart","Lorem ipsum dolor sit amet, consectetur adipiscing elit. Mauris congue metus purus. Proin sit amet ligula efficitur, pharetra lectus sit amet, posuere dolor. Fusce congue, diam quis venenatis vehicula, enim velit aliquet felis, ut pharetra leo massa eu nisi. Suspendisse vel libero iaculis, pulvinar nibh ut, feugiat nisi. Sed id neque quis magna sagittis porttitor ac ac tortor. Curabitur sed quam nec enim malesuada vulputate non ornare metus. Nullam venenatis laoreet ipsum, quis euismod mauris sagittis quis. Pellentesque habitant morbi tristique senectus et netus et malesuada fames ac turpis egestas. Suspendisse cursus massa et hendrerit euismod.",2020/09/02 13:45,2020/09/02 14:00
Research Papers,YT Room - NY 2,Demo Session - NY 2,A virtual knowledge-based interface for an open programmable data center,"Gwyneth Kresge, Elin Fahnestock, Lasonya Zapien","Lorem ipsum dolor sit amet, consectetur adipiscing elit. Mauris congue metus purus. Proin sit amet ligula efficitur, pharetra lectus sit amet, posuere dolor. Fusce congue, diam quis venenatis vehicula, enim velit aliquet felis, ut pharetra leo massa eu nisi. Suspendisse vel libero iaculis, pulvinar nibh ut, feugiat nisi. Sed id neque quis magna sagittis porttitor ac ac tortor. Curabitur sed quam nec enim malesuada vulputate non ornare metus. Nullam venenatis laoreet ipsum, quis euismod mauris sagittis quis. Pellentesque habitant morbi tristique senectus et netus et malesuada fames ac turpis egestas. Suspendisse cursus massa et hendrerit euismod.",2020/09/02 14:00,2020/09/02 14:15
Q&A,Zoom - Q&A NY 2,Demo Q&A - NY2,A virtual logical network applied to a synchronized logical algorithm,"Max Colby, Shante Moeller, Jerry Eves, Adrianna Bolton, Augustus Colombo","Lorem ipsum dolor sit amet, consectetur adipiscing elit. Mauris congue metus purus. Proin sit amet ligula efficitur, pharetra lectus sit amet, posuere dolor. Fusce congue, diam quis venenatis vehicula, enim velit aliquet felis, ut pharetra leo massa eu nisi. Suspendisse vel libero iaculis, pulvinar nibh ut, feugiat nisi. Sed id neque quis magna sagittis porttitor ac ac tortor. Curabitur sed quam nec enim malesuada vulputate non ornare metus. Nullam venenatis laoreet ipsum, quis euismod mauris sagittis quis. Pellentesque habitant morbi tristique senectus et netus et malesuada fames ac turpis egestas. Suspendisse cursus massa et hendrerit euismod.",2020/09/02 13:45,2020/09/02 14:00
Q&A,Zoom - Q&A NY 2,Demo Q&A - NY2,A parallel secure architecture for a collaborative big data network,"Rene Papageorge, Chia Lenart","Lorem ipsum dolor sit amet, consectetur adipiscing elit. Mauris congue metus purus. Proin sit amet ligula efficitur, pharetra lectus sit amet, posuere dolor. Fusce congue, diam quis venenatis vehicula, enim velit aliquet felis, ut pharetra leo massa eu nisi. Suspendisse vel libero iaculis, pulvinar nibh ut, feugiat nisi. Sed id neque quis magna sagittis porttitor ac ac tortor. Curabitur sed quam nec enim malesuada vulputate non ornare metus. Nullam venenatis laoreet ipsum, quis euismod mauris sagittis quis. Pellentesque habitant morbi tristique senectus et netus et malesuada fames ac turpis egestas. Suspendisse cursus massa et hendrerit euismod.",2020/09/02 14:00,2020/09/02 14:15
Q&A,Zoom - Q&A NY 2,Demo Q&A - NY2,An optimized digital compiler related to a meta-level watermarking preprocessor,"Gwyneth Kresge, Elin Fahnestock, Lasonya Zapien","Lorem ipsum dolor sit amet, consectetur adipiscing elit. Mauris congue metus purus. Proin sit amet ligula efficitur, pharetra lectus sit amet, posuere dolor. Fusce congue, diam quis venenatis vehicula, enim velit aliquet felis, ut pharetra leo massa eu nisi. Suspendisse vel libero iaculis, pulvinar nibh ut, feugiat nisi. Sed id neque quis magna sagittis porttitor ac ac tortor. Curabitur sed quam nec enim malesuada vulputate non ornare metus. Nullam venenatis laoreet ipsum, quis euismod mauris sagittis quis. Pellentesque habitant morbi tristique senectus et netus et malesuada fames ac turpis egestas. Suspendisse cursus massa et hendrerit euismod.",2020/09/02 14:15,2020/09/02 14:30
Posters,,,A meta-level distributed architecture derived from a collaborative functional data center,"Stephanie Finnie, Melissa Demoura","Lorem ipsum dolor sit amet, consectetur adipiscing elit. Mauris congue metus purus. Proin sit amet ligula efficitur, pharetra lectus sit amet, posuere dolor. Fusce congue, diam quis venenatis vehicula, enim velit aliquet felis, ut pharetra leo massa eu nisi. Suspendisse vel libero iaculis, pulvinar nibh ut, feugiat nisi. Sed id neque quis magna sagittis porttitor ac ac tortor. Curabitur sed quam nec enim malesuada vulputate non ornare metus. Nullam venenatis laoreet ipsum, quis euismod mauris sagittis quis. Pellentesque habitant morbi tristique senectus et netus et malesuada fames ac turpis egestas. Suspendisse cursus massa et hendrerit euismod.",,
Posters,,,An active functional toolkit related to a virtual programmable protocol,"Luetta Waugh, Cathleen Dupras","Lorem ipsum dolor sit amet, consectetur adipiscing elit. Mauris congue metus purus. Proin sit amet ligula efficitur, pharetra lectus sit amet, posuere dolor. Fusce congue, diam quis venenatis vehicula, enim velit aliquet felis, ut pharetra leo massa eu nisi. Suspendisse vel libero iaculis, pulvinar nibh ut, feugiat nisi. Sed id neque quis magna sagittis porttitor ac ac tortor. Curabitur sed quam nec enim malesuada vulputate non ornare metus. Nullam venenatis laoreet ipsum, quis euismod mauris sagittis quis. Pellentesque habitant morbi tristique senectus et netus et malesuada fames ac turpis egestas. Suspendisse cursus massa et hendrerit euismod.",,
Posters,,,A scalable concurrent interface embedded in a coordinated proxy compiler,"Ione Shannon, Tonya Due, Wilber Zelinski","Lorem ipsum dolor sit amet, consectetur adipiscing elit. Mauris congue metus purus. Proin sit amet ligula efficitur, pharetra lectus sit amet, posuere dolor. Fusce congue, diam quis venenatis vehicula, enim velit aliquet felis, ut pharetra leo massa eu nisi. Suspendisse vel libero iaculis, pulvinar nibh ut, feugiat nisi. Sed id neque quis magna sagittis porttitor ac ac tortor. Curabitur sed quam nec enim malesuada vulputate non ornare metus. Nullam venenatis laoreet ipsum, quis euismod mauris sagittis quis. Pellentesque habitant morbi tristique senectus et netus et malesuada fames ac turpis egestas. Suspendisse cursus massa et hendrerit euismod.",,
Posters,,,An active object-oriented system derived from an interactive parallelizing language,"Priscila Godsey, Mechelle Mcpeters, Leontine Balis, Danette Sunderman","Lorem ipsum dolor sit amet, consectetur adipiscing elit. Mauris congue metus purus. Proin sit amet ligula efficitur, pharetra lectus sit amet, posuere dolor. Fusce congue, diam quis venenatis vehicula, enim velit aliquet felis, ut pharetra leo massa eu nisi. Suspendisse vel libero iaculis, pulvinar nibh ut, feugiat nisi. Sed id neque quis magna sagittis porttitor ac ac tortor. Curabitur sed quam nec enim malesuada vulputate non ornare metus. Nullam venenatis laoreet ipsum, quis euismod mauris sagittis quis. Pellentesque habitant morbi tristique senectus et netus et malesuada fames ac turpis egestas. Suspendisse cursus massa et hendrerit euismod.",,
Posters,,,A reliable parallelizing preprocessor embedded in a coordinated binary system,Sena Raabe,"Lorem ipsum dolor sit amet, consectetur adipiscing elit. Mauris congue metus purus. Proin sit amet ligula efficitur, pharetra lectus sit amet, posuere dolor. Fusce congue, diam quis venenatis vehicula, enim velit aliquet felis, ut pharetra leo massa eu nisi. Suspendisse vel libero iaculis, pulvinar nibh ut, feugiat nisi. Sed id neque quis magna sagittis porttitor ac ac tortor. Curabitur sed quam nec enim malesuada vulputate non ornare metus. Nullam venenatis laoreet ipsum, quis euismod mauris sagittis quis. Pellentesque habitant morbi tristique senectus et netus et malesuada fames ac turpis egestas. Suspendisse cursus massa et hendrerit euismod.",,
Posters,,,A virtual big data solution related to a high-level knowledge-based language,Mac Blanks,"Lorem ipsum dolor sit amet, consectetur adipiscing elit. Mauris congue metus purus. Proin sit amet ligula efficitur, pharetra lectus sit amet, posuere dolor. Fusce congue, diam quis venenatis vehicula, enim velit aliquet felis, ut pharetra leo massa eu nisi. Suspendisse vel libero iaculis, pulvinar nibh ut, feugiat nisi. Sed id neque quis magna sagittis porttitor ac ac tortor. Curabitur sed quam nec enim malesuada vulputate non ornare metus. Nullam venenatis laoreet ipsum, quis euismod mauris sagittis quis. Pellentesque habitant morbi tristique senectus et netus et malesuada fames ac turpis egestas. Suspendisse cursus massa et hendrerit euismod.",,
Posters,,,A high-level real-time system related to a reliable cloud-based architecture,Dorene Warshaw,"Lorem ipsum dolor sit amet, consectetur adipiscing elit. Mauris congue metus purus. Proin sit amet ligula efficitur, pharetra lectus sit amet, posuere dolor. Fusce congue, diam quis venenatis vehicula, enim velit aliquet felis, ut pharetra leo massa eu nisi. Suspendisse vel libero iaculis, pulvinar nibh ut, feugiat nisi. Sed id neque quis magna sagittis porttitor ac ac tortor. Curabitur sed quam nec enim malesuada vulputate non ornare metus. Nullam venenatis laoreet ipsum, quis euismod mauris sagittis quis. Pellentesque habitant morbi tristique senectus et netus et malesuada fames ac turpis egestas. Suspendisse cursus massa et hendrerit euismod.",,
Research Papers,YT Room - Beijing 1,Demo Session - Beijing 1,A balanced proxy technology applied to a balanced secure algorithm,"Drucilla Euell, Sophie Tinker, Elfreda Mchargue","Lorem ipsum dolor sit amet, consectetur adipiscing elit. Mauris congue metus purus. Proin sit amet ligula efficitur, pharetra lectus sit amet, posuere dolor. Fusce congue, diam quis venenatis vehicula, enim velit aliquet felis, ut pharetra leo massa eu nisi. Suspendisse vel libero iaculis, pulvinar nibh ut, feugiat nisi. Sed id neque quis magna sagittis porttitor ac ac tortor. Curabitur sed quam nec enim malesuada vulputate non ornare metus. Nullam venenatis laoreet ipsum, quis euismod mauris sagittis quis. Pellentesque habitant morbi tristique senectus et netus et malesuada fames ac turpis egestas. Suspendisse cursus massa et hendrerit euismod.",2020/09/10 21:00,2020/09/10 21:15
Research Papers,YT Room - Beijing 1,Demo Session - Beijing 1,An interactive binary hypervisor applied to a conceptual big data system,"Letty Tuch, Antonette Bassham","Lorem ipsum dolor sit amet, consectetur adipiscing elit. Mauris congue metus purus. Proin sit amet ligula efficitur, pharetra lectus sit amet, posuere dolor. Fusce congue, diam quis venenatis vehicula, enim velit aliquet felis, ut pharetra leo massa eu nisi. Suspendisse vel libero iaculis, pulvinar nibh ut, feugiat nisi. Sed id neque quis magna sagittis porttitor ac ac tortor. Curabitur sed quam nec enim malesuada vulputate non ornare metus. Nullam venenatis laoreet ipsum, quis euismod mauris sagittis quis. Pellentesque habitant morbi tristique senectus et netus et malesuada fames ac turpis egestas. Suspendisse cursus massa et hendrerit euismod.",2020/09/10 21:15,2020/09/10 21:30
Research Papers,YT Room - Beijing 1,Demo Session - Beijing 1,A conceptual secure agent derived from an integrated high-speed solution,Katrice Russel,"Lorem ipsum dolor sit amet, consectetur adipiscing elit. Mauris congue metus purus. Proin sit amet ligula efficitur, pharetra lectus sit amet, posuere dolor. Fusce congue, diam quis venenatis vehicula, enim velit aliquet felis, ut pharetra leo massa eu nisi. Suspendisse vel libero iaculis, pulvinar nibh ut, feugiat nisi. Sed id neque quis magna sagittis porttitor ac ac tortor. Curabitur sed quam nec enim malesuada vulputate non ornare metus. Nullam venenatis laoreet ipsum, quis euismod mauris sagittis quis. Pellentesque habitant morbi tristique senectus et netus et malesuada fames ac turpis egestas. Suspendisse cursus massa et hendrerit euismod.",2020/09/10 21:30,2020/09/10 21:45
Q&A,Zoom - Q&A Beijing 1,Demo Q&A - Beijing 1,A balanced proxy technology applied to a balanced secure algorithm,"Drucilla Euell, Sophie Tinker, Elfreda Mchargue","Lorem ipsum dolor sit amet, consectetur adipiscing elit. Mauris congue metus purus. Proin sit amet ligula efficitur, pharetra lectus sit amet, posuere dolor. Fusce congue, diam quis venenatis vehicula, enim velit aliquet felis, ut pharetra leo massa eu nisi. Suspendisse vel libero iaculis, pulvinar nibh ut, feugiat nisi. Sed id neque quis magna sagittis porttitor ac ac tortor. Curabitur sed quam nec enim malesuada vulputate non ornare metus. Nullam venenatis laoreet ipsum, quis euismod mauris sagittis quis. Pellentesque habitant morbi tristique senectus et netus et malesuada fames ac turpis egestas. Suspendisse cursus massa et hendrerit euismod.",2020/09/10 21:15,2020/09/10 21:30
Q&A,Zoom - Q&A Beijing 1,Demo Q&A - Beijing 1,An interactive binary hypervisor applied to a conceptual big data system,"Letty Tuch, Antonette Bassham","Lorem ipsum dolor sit amet, consectetur adipiscing elit. Mauris congue metus purus. Proin sit amet ligula efficitur, pharetra lectus sit amet, posuere dolor. Fusce congue, diam quis venenatis vehicula, enim velit aliquet felis, ut pharetra leo massa eu nisi. Suspendisse vel libero iaculis, pulvinar nibh ut, feugiat nisi. Sed id neque quis magna sagittis porttitor ac ac tortor. Curabitur sed quam nec enim malesuada vulputate non ornare metus. Nullam venenatis laoreet ipsum, quis euismod mauris sagittis quis. Pellentesque habitant morbi tristique senectus et netus et malesuada fames ac turpis egestas. Suspendisse cursus massa et hendrerit euismod.",2020/09/10 21:30,2020/09/10 21:45
Q&A,Zoom - Q&A Beijing 1,Demo Q&A - Beijing 1,A conceptual secure agent derived from an integrated high-speed solution,Katrice Russel,"Lorem ipsum dolor sit amet, consectetur adipiscing elit. Mauris congue metus purus. Proin sit amet ligula efficitur, pharetra lectus sit amet, posuere dolor. Fusce congue, diam quis venenatis vehicula, enim velit aliquet felis, ut pharetra leo massa eu nisi. Suspendisse vel libero iaculis, pulvinar nibh ut, feugiat nisi. Sed id neque quis magna sagittis porttitor ac ac tortor. Curabitur sed quam nec enim malesuada vulputate non ornare metus. Nullam venenatis laoreet ipsum, quis euismod mauris sagittis quis. Pellentesque habitant morbi tristique senectus et netus et malesuada fames ac turpis egestas. Suspendisse cursus massa et hendrerit euismod.",2020/09/10 21:45,2020/09/10 22:00
Research Papers,YT Room - Beijing 2,Demo Session - Beijing 2,An integrated functional technology applied to a responsive programmable architecture,"Max Colby, Shante Moeller, Jerry Eves, Adrianna Bolton, Augustus Colombo","Lorem ipsum dolor sit amet, consectetur adipiscing elit. Mauris congue metus purus. Proin sit amet ligula efficitur, pharetra lectus sit amet, posuere dolor. Fusce congue, diam quis venenatis vehicula, enim velit aliquet felis, ut pharetra leo massa eu nisi. Suspendisse vel libero iaculis, pulvinar nibh ut, feugiat nisi. Sed id neque quis magna sagittis porttitor ac ac tortor. Curabitur sed quam nec enim malesuada vulputate non ornare metus. Nullam venenatis laoreet ipsum, quis euismod mauris sagittis quis. Pellentesque habitant morbi tristique senectus et netus et malesuada fames ac turpis egestas. Suspendisse cursus massa et hendrerit euismod.",2020/09/10 22:30,2020/09/10 22:45
Research Papers,YT Room - Beijing 2,Demo Session - Beijing 2,A conceptual proxy cache for a scalable functional algorithm,"Rene Papageorge, Chia Lenart","Lorem ipsum dolor sit amet, consectetur adipiscing elit. Mauris congue metus purus. Proin sit amet ligula efficitur, pharetra lectus sit amet, posuere dolor. Fusce congue, diam quis venenatis vehicula, enim velit aliquet felis, ut pharetra leo massa eu nisi. Suspendisse vel libero iaculis, pulvinar nibh ut, feugiat nisi. Sed id neque quis magna sagittis porttitor ac ac tortor. Curabitur sed quam nec enim malesuada vulputate non ornare metus. Nullam venenatis laoreet ipsum, quis euismod mauris sagittis quis. Pellentesque habitant morbi tristique senectus et netus et malesuada fames ac turpis egestas. Suspendisse cursus massa et hendrerit euismod.",2020/09/10 22:45,2020/09/10 23:00
Research Papers,YT Room - Beijing 2,Demo Session - Beijing 2,A virtual knowledge-based interface for an open programmable data center,"Gwyneth Kresge, Elin Fahnestock, Lasonya Zapien","Lorem ipsum dolor sit amet, consectetur adipiscing elit. Mauris congue metus purus. Proin sit amet ligula efficitur, pharetra lectus sit amet, posuere dolor. Fusce congue, diam quis venenatis vehicula, enim velit aliquet felis, ut pharetra leo massa eu nisi. Suspendisse vel libero iaculis, pulvinar nibh ut, feugiat nisi. Sed id neque quis magna sagittis porttitor ac ac tortor. Curabitur sed quam nec enim malesuada vulputate non ornare metus. Nullam venenatis laoreet ipsum, quis euismod mauris sagittis quis. Pellentesque habitant morbi tristique senectus et netus et malesuada fames ac turpis egestas. Suspendisse cursus massa et hendrerit euismod.",2020/09/10 23:00,2020/09/10 23:15
Q&A,Zoom - Q&A Beijing 2,Demo Q&A - Beijing 2,A virtual logical network applied to a synchronized logical algorithm,"Max Colby, Shante Moeller, Jerry Eves, Adrianna Bolton, Augustus Colombo","Lorem ipsum dolor sit amet, consectetur adipiscing elit. Mauris congue metus purus. Proin sit amet ligula efficitur, pharetra lectus sit amet, posuere dolor. Fusce congue, diam quis venenatis vehicula, enim velit aliquet felis, ut pharetra leo massa eu nisi. Suspendisse vel libero iaculis, pulvinar nibh ut, feugiat nisi. Sed id neque quis magna sagittis porttitor ac ac tortor. Curabitur sed quam nec enim malesuada vulputate non ornare metus. Nullam venenatis laoreet ipsum, quis euismod mauris sagittis quis. Pellentesque habitant morbi tristique senectus et netus et malesuada fames ac turpis egestas. Suspendisse cursus massa et hendrerit euismod.",2020/09/10 22:45,2020/09/10 23:00
Q&A,Zoom - Q&A Beijing 2,Demo Q&A - Beijing 2,A parallel secure architecture for a collaborative big data network,"Rene Papageorge, Chia Lenart","Lorem ipsum dolor sit amet, consectetur adipiscing elit. Mauris congue metus purus. Proin sit amet ligula efficitur, pharetra lectus sit amet, posuere dolor. Fusce congue, diam quis venenatis vehicula, enim velit aliquet felis, ut pharetra leo massa eu nisi. Suspendisse vel libero iaculis, pulvinar nibh ut, feugiat nisi. Sed id neque quis magna sagittis porttitor ac ac tortor. Curabitur sed quam nec enim malesuada vulputate non ornare metus. Nullam venenatis laoreet ipsum, quis euismod mauris sagittis quis. Pellentesque habitant morbi tristique senectus et netus et malesuada fames ac turpis egestas. Suspendisse cursus massa et hendrerit euismod.",2020/09/10 23:00,2020/09/10 23:15
Q&A,Zoom - Q&A Beijing 2,Demo Q&A - Beijing 2,An optimized digital compiler related to a meta-level watermarking preprocessor,"Gwyneth Kresge, Elin Fahnestock, Lasonya Zapien","Lorem ipsum dolor sit amet, consectetur adipiscing elit. Mauris congue metus purus. Proin sit amet ligula efficitur, pharetra lectus sit amet, posuere dolor. Fusce congue, diam quis venenatis vehicula, enim velit aliquet felis, ut pharetra leo massa eu nisi. Suspendisse vel libero iaculis, pulvinar nibh ut, feugiat nisi. Sed id neque quis magna sagittis porttitor ac ac tortor. Curabitur sed quam nec enim malesuada vulputate non ornare metus. Nullam venenatis laoreet ipsum, quis euismod mauris sagittis quis. Pellentesque habitant morbi tristique senectus et netus et malesuada fames ac turpis egestas. Suspendisse cursus massa et hendrerit euismod.",2020/09/10 23:15,2020/09/10 23:30